i,d,n,th,p,v,la,lo,sc,st,cm,cn,xs,sat,sta,tp,vf
"BD-4591","Dhaka","ULAB Recycling Factory","Rosulpur","330001","critical","23.7227","90.3698","18","7200","59","Rahmat Ali Ideal Govt. Primary Scho","825","true","confirmed","YES — Insight Gaps BD-INV-003 (March 2026)","[CONFIRMED] Large-scale buildings with intact blue and grey corrugated metal roo"
"BD-4653","Dhaka","ULAB Recycle site","Nawabgonj","245307","critical","23.72173","90.37595","14","5600","267","Aloron School & College","613.3","false","assessed","YES — Insight Gaps BD-INV-003 (March 2026)","[UNCLEAR] The area shows a high-density residential or informal settlement patte"
"BD-5035","Chittagong","Lead Battery Works","Kapashgola","28304","high","22.36","91.84201","8","3200","53","Kapash Gola Primary School","70.8","false","confirmed","YES — Insight Gaps BD-INV-003 (March 2026)","[PROBABLE] Clusters of blue corrugated metal roofs are integrated into the high-"
"BD-4654","Dhaka","Battery ghat road","Borogram","267","low","23.71702","90.37673","8","3200","141","Oriental National School","0.7","true","confirmed","YES — Insight Gaps BD-INV-003 (March 2026)","[CONFIRMED] A distinct green corrugated metal workshop with an outdoor staging y"
"BD-7382","Khulna","ULAB Battery works","ULAB Battery works","54410","high","22.85724","89.04189","6","2400","53","Kalaroa G K M K Pilot High School","136","false","confirmed","YES — Insight Gaps BD-INV-003 (March 2026)","[PROBABLE] A prominent blue corrugated metal structure stands out from the surro"
"BD-7314","Khulna","Jibon battery works","Jibon battery works","23302","high","22.85977","89.04469","6","2400","232","Kalaroa Girls' PIlot High School, P","58.3","false","confirmed","YES — Insight Gaps BD-INV-003 (March 2026)","[PROBABLE] The imagery shows multiple sites with large corrugated metal roofs ad"
"BD-5062","Khulna","ULAB breaking and Recycling Work","Majompur","2238","moderate","23.90686","89.12119","5","2000","196","Kustia Zilla School","5.6","true","confirmed","YES — Insight Gaps BD-INV-003 (March 2026)","[CONFIRMED] The top-left corner features a large facility with multiple heavy tr"
"BD-2888","Dhaka","Industrial Pollution in Hemayetp","","9","low","23.83365","90.2591","5","2000","167","Ebac Public School, High school","0","false","confirmed","YES — Insight Gaps BD-INV-003 (March 2026)","[PROBABLE] Large white corrugated metal structures and warehouses are visible ad"
"BD-7356","Dhaka","Sunlite Battery Manufacturing","Gorai","23302","high","24.0977","90.15613","5","2000","370","Sohagpur Primary School সোহাগপুর প্","58.3","true","confirmed","YES — Insight Gaps BD-INV-003 (March 2026)","[CONFIRMED] Large industrial-scale buildings with red and corrugated metal roofi"
"BD-7407","Khulna","Battery works Majompur","Battery works Majomp","23302","high","23.90682","89.12038","5","2000","195","Kustia Zilla School","58.3","true","confirmed","YES — Insight Gaps BD-INV-003 (March 2026)","[CONFIRMED] A large facility in the top-center features multiple heavy trucks pa"
"BD-7173","Dhaka","ULAB breaking and smelting works","Dewanbari","152319","critical","24.65815","90.40196","4","1600","238","Kazi nazrul high school","380.8","false","assessed","YES — Insight Gaps BD-INV-003 (March 2026)","[UNCLEAR] Multiple brick kilns with distinctive long trench structures and clear"
"BD-5619","Dhaka","ULAB breaking and smelting works","Bhairab","62475","high","24.04898","90.98413","4","1600","224","Bhairab Ideal School","156.2","false","confirmed","YES — Insight Gaps BD-INV-003 (March 2026)","[PROBABLE] An open lot features a large, unpaved patch of greyish-white scrap ma"
"BD-7581","Rajshahi","ULAB breaking works","Hatkhola bazar","10435","high","25.85442","88.65505","4","1600","66","Birganj Pilot Govt. High School","26.1","false","assessed","YES — Insight Gaps BD-INV-003 (March 2026)","[NOT_INDUSTRIAL] The presence of a large, maintained U-shaped building and an ad"
"BD-4655","Dhaka","Lion Metal (Aluminum & Lead smel","Muslimbag","5749","moderate","23.71087","90.38933","4","1600","150","সিদ্দিক মিয়া সরকারি প্রাথমিক বিদ্য","14.4","false","assessed","YES — Insight Gaps BD-INV-003 (March 2026)","[UNCLEAR] The site is dominated by high-density residential structures and a tri"
"BD-4802","Dhaka","Doyaganj ULAB market","Doyagonj","297786","critical","23.70965","90.42577","3","1200","250","Madrasatus Suffa Al-Arabia Dhaka, A","744.5","false","assessed","YES — Insight Gaps BD-INV-003 (March 2026)","[NOT_INDUSTRIAL] The area is a high-density urban residential and commercial zon"
"BD-7303","Dhaka","ULAB breaking  site","goru bazar","16274","high","24.60996","90.02936","3","1200","14","Mukul Akademy Madhupur, School","40.7","false","assessed","YES — Insight Gaps BD-INV-003 (March 2026)","[UNCLEAR] The imagery depicts a dense urban center dominated by residential and "
"BD-4961","Rajshahi","Lead Battery Works","Truck Terminal Area","12455","high","24.80474","88.95596","3","1200","170","Chalkrampur Govt. School, Naogaon","31.1","true","confirmed","YES — Insight Gaps BD-INV-003 (March 2026)","[CONFIRMED] Multiple open yards containing clusters of heavy vehicles and stockp"
"BD-4786","Rajshahi","Vatkuri Battery Works","Tilokpur","2040","moderate","24.88005","89.00322","3","1200","481","unnamed","5.1","true","confirmed","YES — Insight Gaps BD-INV-003 (March 2026)","[CONFIRMED] The site features large-scale warehouse structures with intact blue "
"BD-7175","Dhaka","ULAB selling and recycling shop","Kotoali","356","low","24.75224","90.4151","3","1200","171","Premier Ideal High School","0.9","true","confirmed","YES — Insight Gaps BD-INV-003 (March 2026)","[CONFIRMED] Large industrial sheds with corrugated metal roofs and expansive pav"
"BD-5024","Chittagong","Lead Battery Works","Latifur","293","low","22.37683","91.7612","3","1200","113","Latifpur Alhajj Abdul Jalil High Sc","0.7","false","assessed","YES — Insight Gaps BD-INV-003 (March 2026)","[NOT_INDUSTRIAL] The area is predominantly composed of dense residential housing"
"BD-7565","Khulna","ULAB Pappu Battey house","ULAB Pappu Battey ho","30761","high","23.90258","89.14429","2","800","146","Hasan Zaman Lalon Junior High Schoo","76.9","false","assessed","YES — Insight Gaps BD-INV-003 (March 2026)","[NOT_INDUSTRIAL] The imagery shows a high-density urban residential and commerci"
"BD-4799","Khulna","Ismail Iron Market","Sheikh Para","20059","high","22.81656","89.55318","2","800","225","WZPDCL High School","50.1","false","assessed","YES — Insight Gaps BD-INV-003 (March 2026)","[UNCLEAR] The imagery shows a high-density residential or mixed-use settlement w"
"BD-5129","Khulna","ULAB breaking and Recycling Work","Boro Station Road","4744","moderate","23.90229","89.14504","2","800","215","Hasan Zaman Lalon Junior High Schoo","11.9","false","confirmed","YES — Insight Gaps BD-INV-003 (March 2026)","[PROBABLE] A large, dark-roofed industrial warehouse and adjacent staging yard a"
"BD-4954","Khulna","Lead Smelting Works","Damodar","4391","moderate","22.96601","89.47717","2","800","222","Govt Primary School","11","false","assessed","YES — Insight Gaps BD-INV-003 (March 2026)","[NOT_INDUSTRIAL] The landscape is dominated by dense tree canopy and small-scale"
"BD-8091","Dhaka","Metal (Scrap Iron) Recycling Wor","Majhar road","654","elevated","23.69058","90.42757","2","800","274","Riverview Cantonment Board School,","1.6","true","confirmed","YES — Insight Gaps BD-INV-003 (March 2026)","[CONFIRMED] The site features large-scale industrial warehouses, storage silos, "
"BD-8106","Dhaka","Fan Manufacturing Factory (Kashm","Syampur","192","low","23.67549","90.44639","2","800","285","unnamed","0.5","true","confirmed","YES — Insight Gaps BD-INV-003 (March 2026)","[CONFIRMED] Distinct white smoke plumes are rising from multiple industrial stru"
"BD-7206","Dhaka","ULAB recycling works","Kestopur beside Myme","23302","high","24.74707","90.41379","2","800","240","Salesian Sisters Nursing College, N","58.3","false","assessed","YES — Insight Gaps BD-INV-003 (March 2026)","[NOT_INDUSTRIAL] The area is composed of dense residential housing and a large c"
"BD-7172","Dhaka","ULAB recycling factory","Uzan Boilore","210312","critical","24.63447","90.39786","1","400","489","Boiler Kanhor Gov School","525.8","false","assessed","YES — Insight Gaps BD-INV-003 (March 2026)","[UNCLEAR] The imagery is dominated by aquaculture ponds and standard roadside re"
"BD-4808","Khulna","Jamal Engineering Works","Jamal Engineering Wo","142763","critical","22.81807","89.55534","1","400","443","WZPDCL High School","356.9","false","assessed","YES — Insight Gaps BD-INV-003 (March 2026)","[UNCLEAR] The area is a high-density urban residential and commercial district w"
"BD-8094","Dhaka","Leader Battery Manufacturing Fac","Leader Battery Manuf","100000","critical","23.69437","90.43706","1","400","93","Madrasatul Falah International Dhak","250","false","assessed","YES — Insight Gaps BD-INV-003 (March 2026)","[UNCLEAR] A large warehouse-style building with a corrugated roof is present, bu"
"BD-4820","Dhaka","ULAB Sales & Servicing Shops","Ponchoboti","88030","high","23.6311","90.47626","1","400","410","Hariharpara High School Field","220.1","true","confirmed","YES — Insight Gaps BD-INV-003 (March 2026)","[CONFIRMED] Multiple open-air yards show active textile processing (visible mult"
"BD-5311","Rajshahi","ULAB breaking and smelting works","Gobindaganj","48076","high","25.14659","89.38719","1","400","393","Khalshi Chandpur Munshipara Governm","120.2","false","assessed","YES — Insight Gaps BD-INV-003 (March 2026)","[NOT_INDUSTRIAL] The area consists almost entirely of agricultural fields and sm"
"BD-7280","Barisal","Lead Battery Breaking  works","rupatoli","12499","high","22.67994","90.34885","1","400","274","Shaheed Abdur Rab Serniyabad Govt.","31.2","false","assessed","YES — Insight Gaps BD-INV-003 (March 2026)","[UNCLEAR] The imagery displays a high density of residential structures and vege"
"BD-4778","Dhaka","General Battery & Rimso Battery","Kodomtoli","10687","high","23.68115","90.43969","1","400","220","unnamed","26.7","true","confirmed","YES — Insight Gaps BD-INV-003 (March 2026)","[CONFIRMED] Large-span industrial roofs are visible alongside active smoke or st"
"BD-8113","Chittagong","Electrical & Electronics Waste M","Bhatiary","3058","moderate","22.43489","91.73978","1","400","306","unnamed","7.6","false","confirmed","YES — Insight Gaps BD-INV-003 (March 2026)","[PROBABLE] Multiple large-span corrugated metal buildings and adjacent open yard"
"BD-5021","Chittagong","Navana Battery Industry Ltd","City Gate Area","2073","moderate","22.38281","91.76854","1","400","247","Amirabad Jonokollayn High School, S","5.2","true","confirmed","YES — Insight Gaps BD-INV-003 (March 2026)","[CONFIRMED] Large-scale factory buildings with intact corrugated roofs and adjac"
"BD-4803","Dhaka","Yongil Metal (BD) Limited (Alumi","Konakhola","906","elevated","23.69485","90.34709","1","400","443","Union Resource Center(URC)","2.3","false","assessed","YES — Insight Gaps BD-INV-003 (March 2026)","[UNCLEAR] The imagery shows a subdivided grid of land plots currently undergoing"
"BD-3041","Dhaka","Jewellery Studios at Tanti Bazar","","903","elevated","23.70918","90.40506","1","400","484","Zindabahar Govment Primary School,","2.3","true","confirmed","YES — Insight Gaps BD-INV-003 (March 2026)","[CONFIRMED] Numerous large cargo vessels docked at informal riverfront yards alo"
"BD-8102","Dhaka","China Jingju Battery Manufacturi","Ashulia","624","elevated","23.91771","90.31349","1","400","351","Unique Vocational Training Center L","1.6","true","confirmed","YES — Insight Gaps BD-INV-003 (March 2026)","[CONFIRMED] Multiple large-span corrugated metal factory buildings and an active"
"BD-5130","Chittagong","Minto Battery Works","EPZ Road","376","low","23.44988","91.18266","1","400","167","IBN Taimiya School","0.9","true","confirmed","YES — Insight Gaps BD-INV-003 (March 2026)","[CONFIRMED] Massive industrial complexes with blue and grey corrugated roofs are"
"BD-2026","Chittagong","Karnaphuli Paper Mill (KPM)","","337","low","22.47528","92.14278","1","400","457","Karnaphuli Paper Mills High School","0.8","true","confirmed","YES — Insight Gaps BD-INV-003 (March 2026)","[CONFIRMED] A prominent effluent plume is visible discharging into the river fro"
"BD-5081","Chittagong","Lead Battery Works","Station Road","233","low","23.46056","91.16888","1","400","407","Shaheen School","0.6","true","confirmed","YES — Insight Gaps BD-INV-003 (March 2026)","[CONFIRMED] A cluster of blue and grey large-span industrial roofs is situated i"
"BD-8104","Dhaka","Berger Paints Company LTD","Nabinagar","41","low","23.91777","90.24703","1","400","111","Gonoshasthaya Vocational And Techni","0.1","true","confirmed","YES — Insight Gaps BD-INV-003 (March 2026)","[CONFIRMED] Multiple large-span buildings with corrugated roofs and active loadi"
"BD-7569","Rajshahi","ULAB breaking and smelting works","Kabilpur","23302","high","25.30856","89.34298","1","400","122","Champagonj High School, School","58.3","false","assessed","YES — Insight Gaps BD-INV-003 (March 2026)","[NOT_INDUSTRIAL] The imagery shows a predominantly agricultural landscape with s"
"BD-4921","Dhaka","ULAB recycling and smelting work","Ashulia","680872","critical","23.91941","90.29231","0","0","","—","1702.2","false","assessed","",""
"BD-4944","Khulna","Sachibunia Lead Smelting Site","Charka-khali","465252","critical","22.78022","89.54577","0","0","","—","1163.1","false","assessed","",""
"BD-4845","Dhaka","ULAB recycling and smelting work","Yearpur","293496","critical","23.93814","90.32331","0","0","","—","733.7","false","assessed","",""
"BD-4830","Dhaka","ULAB Recycling and Smelting Fact","Kalampur","278166","critical","23.92526","90.19065","0","0","","—","695.4","false","assessed","",""
"BD-4822","Dhaka","Mollah Metal (Lead breaking & sm","Bongaon","272530","critical","23.82584","90.27508","0","0","","—","681.3","false","assessed","",""
"BD-4807","Dhaka","Yasfa Metal Works","Yasfa Metal Works","267214","critical","23.69527","90.32592","0","0","","—","668","false","assessed","",""
"BD-5204","Dhaka","ULAB smelting works","Madaripur Sadar","263270","critical","23.26923","90.08605","0","0","","—","658.2","false","assessed","",""
"BD-4860","Dhaka","ULAB recycling and smelting work","Bagbari","262275","critical","23.96071","90.32066","0","0","","—","655.7","false","assessed","",""
"BD-4823","Dhaka","ULAB Recycling and Smelting Work","Ashulia","231980","critical","23.89308","90.25671","0","0","","—","580","false","assessed","",""
"BD-5160","Dhaka","ULAB breaking and smelting works","Mymensingh sadar","222701","critical","24.74731","90.42762","0","0","","—","556.8","false","assessed","",""
"BD-4950","Khulna","Lead Smelting Works","Kasba","205779","critical","22.99867","89.45871","0","0","","—","514.4","false","assessed","",""
"BD-4842","Dhaka","ULAB recycling and smelting work","Dhantara","204891","critical","24.01127","90.15005","0","0","","—","512.2","false","assessed","",""
"BD-7265","Dhaka","ULAB breaking and smelting facto","Gorai","203121","critical","24.08489","90.16382","0","0","","—","507.8","false","assessed","",""
"BD-5176","Dhaka","ULAB recycling and smelting work","Kalihati","200409","critical","24.37824","90.00173","0","0","","—","501","false","assessed","",""
"BD-7287","Dhaka","ULAB breaking and smelting facto","Gorai","195371","critical","24.08554","90.16428","0","0","","—","488.4","false","assessed","",""
"BD-5012","Rajshahi","ULAB recycling and smelting work","Bera","191678","critical","23.9805","89.6442","0","0","","—","479.2","false","assessed","",""
"BD-7288","Dhaka","ULAB breaking and smelting facto","Gorai","187128","critical","24.09021","90.15697","0","0","","—","467.8","false","assessed","",""
"BD-4815","Khulna","Khorshed Metal Works","BSCIC Industrial  Ar","185690","critical","22.9161","89.50577","0","0","","—","464.2","false","assessed","",""
"BD-7157","Dhaka","ULAB breaking and smelting facto","Kotoali","183912","critical","24.76101","90.43991","0","0","","—","459.8","false","assessed","",""
"BD-4938","Khulna","Badi Mia ULAB Recycling Works","Badi Mia ULAB Recycl","175093","critical","22.78877","89.53468","0","0","","—","437.7","false","assessed","",""
"BD-4942","Khulna","Sayed Battery Works","Battery Potti","168935","critical","23.16203","89.22247","0","0","","—","422.3","false","assessed","",""
"BD-7264","Dhaka","ULAB smelting works","Latifpur","163214","critical","24.11091","90.09876","0","0","","—","408","false","assessed","",""
"BD-4779","Dhaka","Ratan Metal Works","Hasnabad","159262","critical","23.67689","90.43214","0","0","","—","398.2","false","assessed","",""
"BD-5634","Dhaka","ULAB breaking works","Mymensingh sadar","154623","critical","24.75206","90.42991","0","0","","—","386.6","false","assessed","",""
"BD-7380","Dhaka","ULAB breaking and smelting works","Kalidas","153931","critical","24.29643","90.21033","0","0","","—","384.8","false","assessed","",""
"BD-5016","Rajshahi","ULAB smelting works","Bera","153740","critical","23.98433","89.6702","0","0","","—","384.4","false","assessed","",""
"BD-7608","Rajshahi","ULAB breaking and smelting works","Masimpur","153214","critical","25.55393","89.18462","0","0","","—","383","false","assessed","",""
"BD-5555","Chittagong","ULAB breaking & smelting works","Brahmanbaria Pouroso","153213","critical","23.95256","91.09837","0","0","","—","383","false","assessed","",""
"BD-7293","Dhaka","ULAB smelting factory","Namapara","153011","critical","24.09932","90.21288","0","0","","—","382.5","false","assessed","",""
"BD-7294","Dhaka","ULAB breaking and smelting facto","Aijgona Bazar","151214","critical","24.11094","90.21406","0","0","","—","378","false","assessed","",""
"BD-4781","Rajshahi","Rostom and Moktar Used Lead-Acid","Santahar","149682","critical","24.80793","88.98219","0","0","","—","374.2","false","assessed","",""
"BD-7636","Rajshahi","ULAB Smelting works","Ishidoho","148123","critical","24.86484","89.38482","0","0","","—","370.3","false","assessed","",""
"BD-5452","Dhaka","ULAB  breaking & smelting works","Shibpur","145904","critical","23.91162","90.68285","0","0","","—","364.8","false","assessed","",""
"BD-4841","Dhaka","ULAB breaking and smelting works","Roghunathpur","144276","critical","24.00458","90.16773","0","0","","—","360.7","false","assessed","",""
"BD-7292","Dhaka","ULAB  breaking and smelting work","Ajgana","143712","critical","24.1099","90.2144","0","0","","—","359.3","false","assessed","",""
"BD-5553","Chittagong","ULAB breaking and smelting works","Nondonpur","143212","critical","24.03731","91.11216","0","0","","—","358","false","assessed","",""
"BD-5124","Rajshahi","Lead Battery Works","Chandaikona","143028","critical","24.54945","89.50977","0","0","","—","357.6","false","assessed","",""
"BD-7640","Rajshahi","ULAB breaking and smelting works","Balua","142161","critical","25.02826","89.44533","0","0","","—","355.4","false","assessed","",""
"BD-4908","Dhaka","ULAB recycling and smelting work","Gazipur Sadar","138275","critical","23.96288","90.3155","0","0","","—","345.7","false","assessed","",""
"BD-5099","Rajshahi","Lead Smelting Works","Chandaikona","137187","critical","24.54715","89.51225","0","0","","—","343","false","assessed","",""
"BD-7439","Rajshahi","ULAB breaking and smelting works","Mominpur","135279","critical","25.74512","89.1103","0","0","","—","338.2","false","assessed","",""
"BD-7654","Rajshahi","ULAB breaking and smelting works","Sonatala","135131","critical","24.9874","89.46837","0","0","","—","337.8","false","assessed","",""
"BD-5636","Dhaka","Lead smelting works","Mymensingh sadar","134213","critical","24.73172","90.46322","0","0","","—","335.5","false","assessed","",""
"BD-7404","Rajshahi","ULAB breaking and smelting works","Phulakipur","132712","critical","25.31794","89.20415","0","0","","—","331.8","false","assessed","",""
"BD-5620","Dhaka","ULAB breaking and smelting works","Kishoreganj sadar","132512","critical","24.48487","90.80072","0","0","","—","331.3","false","assessed","",""
"BD-7578","Rajshahi","ULAB breaking and smelting works","Shialdangipur","132512","critical","25.91601","88.43687","0","0","","—","331.3","false","assessed","",""
"BD-5547","Dhaka","ULAB breaking and smelting works","Rupgonj","132142","critical","23.77398","90.58337","0","0","","—","330.4","false","assessed","",""
"BD-7643","Rajshahi","ULAB breaking and smelting works","Sonatala","132141","critical","24.99678","89.47307","0","0","","—","330.4","false","assessed","",""
"BD-7156","Dhaka","ULAB recycling factory","Boyra Bazar","131421","critical","24.70959","90.46876","0","0","","—","328.6","false","assessed","",""
"BD-5546","Dhaka","ULAB breaking and smelting works","Sonargaon","124351","critical","23.74817","90.59996","0","0","","—","310.9","false","assessed","",""
"BD-7552","Rajshahi","ULAB breaking and smelting works","Bara Alampur","124121","critical","25.3875","89.28098","0","0","","—","310.3","false","assessed","",""
"BD-7629","Rajshahi","ULAB breaking and smelting works","Bogra Sadar","121621","critical","24.86331","89.38516","0","0","","—","304.1","false","assessed","",""
"BD-5554","Chittagong","ULAB smelting works","Brahmanbaria  sadar","120219","critical","24.03956","91.10867","0","0","","—","300.5","false","assessed","",""
"BD-4859","Khulna","Lead Smelting Works","Sunagar","119243","critical","22.71685","89.65495","0","0","","—","298.1","false","assessed","",""
"BD-4831","Dhaka","Fatema  Lead Smelting Factory","Shimulia","117324","critical","23.98172","90.21246","0","0","","—","293.3","false","assessed","",""
"BD-4814","Khulna","Lead Smelting Works","Halfrasta","114217","critical","22.98338","89.46986","0","0","","—","285.5","false","assessed","",""
"BD-7171","Dhaka","ULAB breaking works","Boilore More","113297","critical","24.63418","90.39945","0","0","","—","283.2","false","assessed","",""
"BD-5082","Rajshahi","ULAB recycling and breaking work","Bera","103299","critical","24.00686","89.65242","0","0","","—","258.2","false","assessed","",""
"BD-5551","Dhaka","ULAB breaking and smelting works","Bondor","102351","critical","23.68154","90.56712","0","0","","—","255.9","false","assessed","",""
"BD-7355","Dhaka","ULAB Breaking and Smelting site","Bohonia Union","100000","critical","24.29172","90.1899","0","0","","—","250","false","assessed","",""
"BD-7354","Dhaka","ULAB Breaking and Smelting site","Bohonia Union","100000","critical","24.28997","90.15492","0","0","","—","250","false","assessed","",""
"BD-5018","Rajshahi","ULAB smelting works","Bera","98454","high","23.97714","89.67135","0","0","","—","246.1","false","assessed","",""
"BD-4834","Khulna","Lead Smelting Works","Kuwait Mosque Area","97073","high","22.78241","89.55493","0","0","","—","242.7","false","assessed","",""
"BD-4836","Khulna","ULAB Recycling Works","Zero Point","92014","high","22.79895","89.52802","0","0","","—","230","false","assessed","",""
"BD-4782","Rajshahi","Boubazar Battery Works","Boubazar","88367","high","24.86765","89.2281","0","0","","—","220.9","false","assessed","",""
"BD-5014","Rajshahi","ULAB recycling and smelting work","Bera","86979","high","23.98847","89.63939","0","0","","—","217.4","false","assessed","",""
"BD-5166","Dhaka","ULAB recycling and smelting work","Modhupur","85470","high","24.53958","90.11336","0","0","","—","213.7","false","assessed","",""
"BD-7302","Dhaka","ULAB  smelting site","koralia union","78341","high","24.57334","90.07482","0","0","","—","195.9","false","assessed","",""
"BD-5313","Rajshahi","ULAB breaking and smelting works","Gobindaganj","77721","high","25.10998","89.48923","0","0","","—","194.3","false","assessed","",""
"BD-2470","Dhaka","Bangshi River","","77250","high","23.9335","90.2563","0","0","","—","193.1","false","assessed","",""
"BD-7375","Khulna","Chuadanga ULAB recycling house","Chuadanga ULAB recyc","77184","high","23.64841","88.84212","0","0","","—","193","false","assessed","",""
"BD-4952","Dhaka","ULAB recycling and smelting work","Sreepur","74469","high","24.27185","90.3122","0","0","","—","186.2","false","assessed","",""
"BD-7637","Rajshahi","ULAB smelting works","Shibganj","73691","high","25.02472","89.43415","0","0","","—","184.2","false","assessed","",""
"BD-7362","Dhaka","ULAB breaking works","Shakhipur pouroshova","72931","high","24.31953","90.16455","0","0","","—","182.3","false","assessed","",""
"BD-5104","Rajshahi","ULAB recycling and breaking work","Ishurdi","72810","high","24.15736","89.02468","0","0","","—","182","false","assessed","",""
"BD-4926","Dhaka","ULAB recycling and smelting work","Sreepur","65070","high","24.16573","90.40667","0","0","","—","162.7","false","assessed","",""
"BD-5637","Dhaka","ULAB breaking and smelting works","Char Niloxmia","64676","high","24.73786","90.45425","0","0","","—","161.7","false","assessed","",""
"BD-5302","Rajshahi","Polerhat Lead Battery Smelting","Goaldighi Union","62581","high","25.82707","88.77819","0","0","","—","156.5","false","assessed","",""
"BD-5013","—","ULAB recycling and breaking work","Bera","62484","high","23.98469","89.64031","0","0","","—","156.2","false","assessed","",""
"BD-4896","Dhaka","ULAB recycling and smelting work","Gazipur Sadar","62028","high","23.98293","90.2943","0","0","","—","155.1","false","assessed","",""
"BD-5463","Chittagong","ULAB breaking & smelting works","BSCIC Industrial are","61319","high","24.91682","91.94268","0","0","","—","153.3","false","assessed","",""
"BD-4943","Khulna","Malek Battery works","Sonadanga","55986","high","22.81493","89.54145","0","0","","—","140","false","assessed","",""
"BD-4927","Dhaka","ULAB recycling and smelting work","Sreepur","53700","high","24.18891","90.41227","0","0","","—","134.2","false","assessed","",""
"BD-4785","Rajshahi","Lead Smelting Works","Genzir mill area","52383","high","24.81277","88.97894","0","0","","—","131","false","assessed","",""
"BD-7381","Rajshahi","ULAB breaking and smelting works","Birahimpur","51850","high","25.28109","89.23258","0","0","","—","129.6","false","assessed","",""
"BD-7546","Rajshahi","ULAB breaking and smelting works","Darshana","48288","high","25.3875","89.28098","0","0","","—","120.7","false","assessed","",""
"BD-5017","Rajshahi","ULAB smelting works","Bera","47272","high","23.9844","89.67119","0","0","","—","118.2","false","assessed","",""
"BD-5447","Dhaka","ULAB smelting works","Narshingdi sadar","46962","high","23.85044","90.70036","0","0","","—","117.4","false","assessed","",""
"BD-5019","Rajshahi","ULAB recycling and smelting work","Bera","44719","high","23.9915","89.6409","0","0","","—","111.8","false","assessed","",""
"BD-7384","Rajshahi","ULAB breaking and smelting works","Bulakipur","42887","high","25.32768","89.19746","0","0","","—","107.2","false","assessed","",""
"BD-5459","Barisal","ULAB breaking and Recycling Work","BCIC","41780","high","22.71972","90.35988","0","0","","—","104.5","false","assessed","",""
"BD-4920","Dhaka","ULAB recycling and smelting work","Sreepur","39204","high","24.14361","90.36124","0","0","","—","98","false","assessed","",""
"BD-5093","Rajshahi","ULAB recycling and breaking work","Bera","37775","high","23.99003","89.64426","0","0","","—","94.4","false","assessed","",""
"BD-4806","Khulna","Shiddipasha Lead Smelting Works","Shiddipasha Lead Sme","37241","high","22.92852","89.51531","0","0","","—","93.1","false","assessed","",""
"BD-5299","Rajshahi","Shokor Ali Lead Battery Smelting","Gossogram","37077","high","25.28527","89.23199","0","0","","—","92.7","false","assessed","",""
"BD-7363","Dhaka","Used Lead-Acid Battery (ULAB) br","Shakhipur pouroshova","36395","high","24.3155","90.16999","0","0","","—","91","false","assessed","",""
"BD-8153","Chittagong","Gold Recycling from Jewelry Ashe","Boxirhat","35193","high","22.34012","91.84153","0","0","","—","88","false","assessed","",""
"BD-8152","Chittagong","Gold Recycling from Jewelry Ashe","Khalpar","34938","high","22.34138","91.84469","0","0","","—","87.3","false","assessed","",""
"BD-4849","Khulna","Lead Smelting Works","Shipyard area","31920","high","22.78111","89.58092","0","0","","—","79.8","false","assessed","",""
"BD-4957","—","ULAB recycling and smelting work","Sreepur","31858","high","24.29245","90.34584","0","0","","—","79.6","false","assessed","",""
"BD-4948","Rajshahi","Lead Smelting Works","Lead Smelting Works","30848","high","24.85666","89.38671","0","0","","—","77.1","false","assessed","",""
"BD-5201","Dhaka","ULAB recycling and breaking work","Madaripur sadar","28357","high","23.17771","90.12621","0","0","","—","70.9","false","assessed","",""
"BD-5440","Dhaka","ULAB breaking and smelting works","Shibpur","26112","high","23.9943","90.68211","0","0","","—","65.3","false","assessed","",""
"BD-7428","Khulna","ULAB Battery works Barkhada","","25934","high","23.92815","89.09374","0","0","","—","64.8","false","assessed","",""
"BD-7296","Dhaka","ULAB breaking and smelting facto","Ajgana","24714","high","24.12127","90.21084","0","0","","—","61.8","false","assessed","",""
"BD-7564","Khulna","ULAB Battery works jugia","","23489","high","23.92327","89.09947","0","0","","—","58.7","false","assessed","",""
"BD-5159","Dhaka","ULAB recycling and smelting work","Mymensingh sadar","23426","high","24.74934","90.42684","0","0","","—","58.6","false","assessed","",""
"BD-5177","—","ULAB  recycling and smelting wor","Kalihati","23178","high","24.32751","89.92845","0","0","","—","57.9","false","assessed","",""
"BD-7165","Dhaka","ULAB Breaking and Smelting Site","8 No Daugaon Union","22266","high","24.64498","90.14752","0","0","","—","55.7","false","assessed","",""
"BD-5298","Khulna","Lead Smelting Works","Mostofar Mor","21212","high","22.82358","89.51812","0","0","","—","53","false","assessed","",""
"BD-5308","Khulna","Continental Battery Industry","Samta","19810","high","22.9853","88.9794","0","0","","—","49.5","false","assessed","",""
"BD-4599","Dhaka","ULAB Recycling and Smelting Fact","Matuail","19566","high","23.7198","90.4528","0","0","","—","48.9","false","assessed","",""
"BD-4928","Dhaka","ULAB recycling and smelting work","Sreepur","18664","high","24.2651","90.45234","0","0","","—","46.7","false","assessed","",""
"BD-5458","Chittagong","Suntec Energy Limited","BSCIC Industrial are","18248","high","24.91604","91.94235","0","0","","—","45.6","false","assessed","",""
"BD-4813","Khulna","Shiromoni Battery Works","Shiromoni Battery Wo","17790","high","22.91534","89.50249","0","0","","—","44.5","false","assessed","",""
"BD-5026","Rajshahi","ULAB recycling and breaking work","Bera","17406","high","23.99624","89.64273","0","0","","—","43.5","false","assessed","",""
"BD-5343","—","ULAB breaking and smelting works","Gobindaganj","17320","high","25.11256","89.49057","0","0","","—","43.3","false","assessed","",""
"BD-4812","Khulna","Baganbari Battery Works","Baganbari Battery Wo","16562","high","22.82097","89.5549","0","0","","—","41.4","false","assessed","",""
"BD-4839","Khulna","Bashbari Lead Smelting Site","Bashbari Lead Smelti","16354","high","22.77986","89.50608","0","0","","—","40.9","false","assessed","",""
"BD-5453","Dhaka","Asia Battery (BD) Ltd","Shibpur","14074","high","24.00817","90.73698","0","0","","—","35.2","false","assessed","",""
"BD-4947","Rajshahi","Lead Battery Breaking and Smelti","Vudhghora","13608","high","24.85332","89.46596","0","0","","—","34","false","assessed","",""
"BD-8154","Dhaka","Gold Recycling from Jewelry Ashe","Haria","13222","high","24.03726","90.08989","0","0","","—","33.1","false","assessed","",""
"BD-7406","Rajshahi","ULAB breaking and smelting works","Mominpur","13131","high","25.79557","89.10766","0","0","","—","32.8","false","assessed","",""
"BD-5094","Rajshahi","ULAB recycling and breaking work","Bera","11972","high","23.98846","89.6485","0","0","","—","29.9","false","assessed","",""
"BD-5312","Rajshahi","ULAB breaking and smelting works","Gobindaganj","11942","high","25.10947","89.47346","0","0","","—","29.9","false","assessed","",""
"BD-5550","Dhaka","Gaston Battery Limited","Sonargaon","11700","high","23.73846","90.59538","0","0","","—","29.2","false","assessed","",""
"BD-5368","Rajshahi","ULAB breaking and smelting works","Nilphamari Sadar","11602","high","25.95411","88.97281","0","0","","—","29","false","assessed","",""
"BD-8132","Dhaka","Gold Recycling from Jewellery As","Singair","10478","high","23.80038","90.13512","0","0","","—","26.2","false","assessed","",""
"BD-5350","Rajshahi","Lead Battery Smelting","Gossogram","10419","high","25.28145","89.23301","0","0","","—","26","false","assessed","",""
"BD-5203","Dhaka","ULAB recycling and smelting work","Madaripur Sadar","10285","high","23.24494","90.15757","0","0","","—","25.7","false","assessed","",""
"BD-8108","Dhaka","Gold Recycling from Jewelry Ashe","Singair","10038","high","23.76551","90.12951","0","0","","—","25.1","false","assessed","",""
"BD-7205","Dhaka","ULAB Smelting works","Madhupur Paurashava","9897","moderate","24.63853","90.03071","0","0","","—","24.7","false","assessed","",""
"BD-5457","Dhaka","ULAB  breaking & smelting works","Shibpur","9595","moderate","24.00551","90.73015","0","0","","—","24","false","assessed","",""
"BD-5295","Rajshahi","ULAB breaking and smelting works","Gaibandha sadar","9443","moderate","25.32539","89.5084","0","0","","—","23.6","false","assessed","",""
"BD-4651","Dhaka","Rahim Afrooz Batteries Limited","Zirani Bazar","9381","moderate","23.99401","90.25868","0","0","","—","23.5","false","assessed","",""
"BD-8151","Dhaka","Gold Recycling from Jewelry Ashe","Chalkpara","9154","moderate","24.02961","90.08159","0","0","","—","22.9","false","assessed","",""
"BD-5245","Dhaka","ULAB smelting works","Rajoir","9126","moderate","23.15919","90.01912","0","0","","—","22.8","false","assessed","",""
"BD-5339","Khulna","Samad Battery Works","Chuknagar","9119","moderate","22.84423","89.29913","0","0","","—","22.8","false","assessed","",""
"BD-5015","Rajshahi","ULAB smelting works","Bera","8524","moderate","23.98967","89.6698","0","0","","—","21.3","false","assessed","",""
"BD-5294","Rajshahi","ULAB breaking and smelting works","Gaibandha sadar","8480","moderate","25.32678","89.5097","0","0","","—","21.2","false","assessed","",""
"BD-4929","Khulna","Hamko Industries Limited","Town Noapara","8421","moderate","22.73834","89.63803","0","0","","—","21.1","false","assessed","",""
"BD-5351","Rajshahi","Lead Battery Smelting","Mission Road","8075","moderate","25.19262","89.3095","0","0","","—","20.2","false","assessed","",""
"BD-4838","Khulna","Bannex Battery Manufacturing","Bannex Battery Manuf","7771","moderate","22.74703","89.09847","0","0","","—","19.4","false","assessed","",""
"BD-5254","Khulna","SB Agro Industries limited","Jhenaidaha Sadar","6916","moderate","23.53958","89.19836","0","0","","—","17.3","false","assessed","",""
"BD-4784","Rajshahi","Mondolpara Smelting Works","Bashipur","6309","moderate","24.82207","88.97261","0","0","","—","15.8","false","assessed","",""
"BD-5167","Dhaka","ULAB  recycling and smelting wor","Ghatail","5907","moderate","24.4364","89.99337","0","0","","—","14.8","false","assessed","",""
"BD-7301","Dhaka","ULAB breaking and smelting site","Kakraid union","5893","moderate","24.62004","90.07421","0","0","","—","14.7","false","assessed","",""
"BD-8109","Dhaka","Gold Recycling from Jewelry Ashe","Shingair","5841","moderate","23.76778","90.13251","0","0","","—","14.6","false","assessed","",""
"BD-5246","Dhaka","ULAB recycling and smelting work","Faridpur Sadar","5810","moderate","23.56034","89.80068","0","0","","—","14.5","false","assessed","",""
"BD-5292","Khulna","Tamim Battery Manufacturing Comp","Jhenaidah Sadar","5087","moderate","23.56525","89.19861","0","0","","—","12.7","false","assessed","",""
"BD-4951","Dhaka","ULAB recycling and smelting work","Sreepur","5009","moderate","24.26545","90.43359","0","0","","—","12.5","false","assessed","",""
"BD-5621","Dhaka","ULAB breaking and smelting works","Kishoreganj Sadar","4999","moderate","24.47528","90.7682","0","0","","—","12.5","false","assessed","",""
"BD-5348","Rajshahi","ULAB breaking and smelting works","Mithapukur","4510","moderate","25.63592","89.20424","0","0","","—","11.3","false","assessed","",""
"BD-5365","Rajshahi","ULAB breaking and smelting works","Mithapukur","4497","moderate","25.54215","89.27483","0","0","","—","11.2","false","assessed","",""
"BD-5293","Rajshahi","ULAB breaking and smelting works","Gaibandha sadar","4453","moderate","25.32502","89.51354","0","0","","—","11.1","false","assessed","",""
"BD-4909","Dhaka","ULAB recycling and smelting work","Gazipur Sadar","3957","moderate","23.95565","90.30291","0","0","","—","9.9","false","assessed","",""
"BD-5255","Dhaka","Altu Khan Jute Mills Limited (Pa","Modhukhali","3917","moderate","23.53637","89.65268","0","0","","—","9.8","false","assessed","",""
"BD-5301","Rajshahi","Nayeb Ali Lead Battery Smelting","2-Katabari","3870","moderate","25.20761","89.30825","0","0","","—","9.7","false","assessed","",""
"BD-5346","Rajshahi","ULAB breaking and smelting works","Sadullapur","3745","moderate","25.14984","89.28149","0","0","","—","9.4","false","assessed","",""
"BD-5448","Dhaka","ULAB  breaking & smelting works","Narshingdi sadar","3145","moderate","23.83298","90.67982","0","0","","—","7.9","false","assessed","",""
"BD-5131","Chittagong","Lead Battery Breaking and Smelti","Rampur","2955","moderate","23.52322","90.87834","0","0","","—","7.4","false","assessed","",""
"BD-4658","Dhaka","Rupa Metal (Aluminum & lead smel","Chanditola","2850","moderate","23.68391","90.39935","0","0","","—","7.1","false","assessed","",""
"BD-4810","Dhaka","Aluminum and Lead Recycling Fact","New Shonakanda","2663","moderate","23.66493","90.30153","0","0","","—","6.7","false","assessed","",""
"BD-8103","Dhaka","Rahim Afrooz Accumulators (Batte","Birulia","2111","moderate","23.86645","90.31052","0","0","","—","5.3","false","assessed","",""
"BD-4809","Dhaka","Avishek Metal Works","Shakta","2051","moderate","23.69661","90.32409","0","0","","—","5.1","false","assessed","",""
"BD-4923","Dhaka","ULAB recycling and smelting work","Maona","2028","moderate","24.14139","90.35464","0","0","","—","5.1","false","assessed","",""
"BD-8100","Dhaka","Saif Battery Manufacturing Facto","Pubail","1676","moderate","23.93308","90.46623","0","0","","—","4.2","false","assessed","",""
"BD-5310","Rajshahi","ULAB smelting works","Gaibandha sadar","1531","moderate","25.32489","89.50742","0","0","","—","3.8","false","assessed","",""
"BD-4835","Khulna","Lead Smelting Works","Tetultala","1518","moderate","22.75134","89.53566","0","0","","—","3.8","false","assessed","",""
"BD-4946","Rajshahi","Lead Battery Breaking and Smelti","Kamalpara","1456","moderate","25.08629","89.51718","0","0","","—","3.6","false","assessed","",""
"BD-4832","Dhaka","Hasan & Harun Metal Works","Ekuria","1297","moderate","23.68329","90.41319","0","0","","—","3.2","false","assessed","",""
"BD-5027","Rajshahi","ULAB breaking and recycling work","Bera","1295","moderate","24.00383","89.64866","0","0","","—","3.2","false","assessed","",""
"BD-4924","Khulna","Power Pack Battery Manufacturing","Power Pack Battery M","1277","moderate","22.64312","89.79849","0","0","","—","3.2","false","assessed","",""
"BD-5441","Dhaka","Aluminum breaking and smelting w","Araihajar","1151","moderate","23.78047","90.71409","0","0","","—","2.9","false","assessed","",""
"BD-5102","Rajshahi","ULAB recycling and breaking work","Ishurdi","1148","moderate","24.15489","89.02348","0","0","","—","2.9","false","assessed","",""
"BD-7405","Rajshahi","ULAB breaking and smelting works","Dighipara","1138","moderate","25.31529","89.20243","0","0","","—","2.8","false","assessed","",""
"BD-5300","Rajshahi","Fulahar Lead Battery Smelting","2-katabari","1098","moderate","25.21997","89.31591","0","0","","—","2.7","false","assessed","",""
"BD-4955","Dhaka","ULAB recycling and smelting work","Sreepur","1095","moderate","24.27297","90.36716","0","0","","—","2.7","false","assessed","",""
"BD-7593","Barisal","Lead Smelting site  Kalipura","","1034","moderate","22.18371","90.2713","0","0","","—","2.6","false","assessed","",""
"BD-5152","Rajshahi","ULABs Recycling And Breaking Wor","ULABs Recycling And","998","elevated","24.55259","89.50462","0","0","","—","2.5","false","assessed","",""
"BD-5083","Rajshahi","ULAB recycling and breking works","Bera","991","elevated","24.00882","89.65057","0","0","","—","2.5","false","assessed","",""
"BD-2027","Chittagong","Karnaphuli River","","804","elevated","22.32213","91.83156","0","0","","—","2","false","assessed","",""
"BD-8097","Dhaka","Rubber Recycling & Processing fa","Ruhitpur BSCIC","772","elevated","23.6656","90.30324","0","0","","—","1.9","false","assessed","",""
"BD-4816","Khulna","Gilatala Battery Works","Gilatala","745","elevated","22.92021","89.51068","0","0","","—","1.9","false","assessed","",""
"BD-5101","Chittagong","Lead Battery Works","Paduarbazar","642","elevated","23.41912","91.17362","0","0","","—","1.6","false","assessed","",""
"BD-5345","Rajshahi","ULAB breaking and smelting works","Sadllapur","610","elevated","25.14492","89.25742","0","0","","—","1.5","false","assessed","",""
"BD-4895","Dhaka","ECO Batteries Limited","Sreepur","568","elevated","24.21826","90.45322","0","0","","—","1.4","false","assessed","",""
"BD-8096","Dhaka","Mosquito Coil Manufacturing Fact","Ruhitpur BSCIC","548","elevated","23.66453","90.30635","0","0","","—","1.4","false","assessed","",""
"BD-5352","Rajshahi","Lead Battery Smelting","Korihata","522","elevated","25.21646","89.33201","0","0","","—","1.3","false","assessed","",""
"BD-5023","—","Lead Battery Works","Kalarpole","428","elevated","22.31332","91.87534","0","0","","—","1.1","false","assessed","",""
"BD-5123","Rajshahi","Lead Battery Works","Chandaikona Bazar","372","low","24.55036","89.50626","0","0","","—","0.9","false","assessed","",""
"BD-4652","Dhaka","Tong Rui Da Industry Limited","Zirani Bazar","364","low","23.99119","90.26098","0","0","","—","0.9","false","assessed","",""
"BD-4960","Rajshahi","Lead Smelting Works","Sultanpur","286","low","24.7973","88.94565","0","0","","—","0.7","false","assessed","",""
"BD-5025","Chittagong","Lead Battery Works","Bariarhat","258","low","22.89276","91.53528","0","0","","—","0.6","false","assessed","",""
"BD-5121","Chittagong","Lead Battery Works","Gudirpukorpar","252","low","23.46002","91.20116","0","0","","—","0.6","false","assessed","",""
"BD-8157","Chittagong","Gold Recycling from Jewelry Ashe","Muradnagar","220","low","23.63384","90.94604","0","0","","—","0.6","false","assessed","",""
"BD-5086","Chittagong","Lead Battery Works","Comilla South Sadar","177","low","23.43523","91.17198","0","0","","—","0.4","false","assessed","",""
"BD-5120","Chittagong","Lead Battery Works","Shaktala","165","low","23.44638","91.17638","0","0","","—","0.4","false","assessed","",""
"BD-8156","Chittagong","Gold Recycling from Jewelry Ashe","Muradnagar","144","low","23.63217","90.94157","0","0","","—","0.4","false","assessed","",""
"BD-5100","Chittagong","Lead Battery Works","Elliotganj","97","low","23.51409","90.86784","0","0","","—","0.2","false","assessed","",""
"BD-2767","Dhaka","Lead Poisoning in Tongi Municipa","","25","low","23.89003","90.40729","0","0","","—","0.1","false","assessed","",""
"BD-7315","Dhaka","ULAB breaking and smelting facto","Khaliajhuli","23302","high","24.17858","90.14687","0","0","","—","58.3","false","assessed","",""
"BD-8133","Dhaka","Gold Recycling from Jewellery As","Singair","23302","high","23.80397","90.13766","0","0","","—","58.3","false","assessed","",""
"BD-7385","Rajshahi","ULAB breaking and smelting works","Damadorpur","23302","high","25.31901","89.17352","0","0","","—","58.3","false","assessed","",""
"BD-7367","Dhaka","ULAB Breaking and smelting site","korail union","23302","high","24.56016","90.08144","0","0","","—","58.3","false","assessed","",""
"BD-7299","Dhaka","ULAB Breaking and Smelting Site","Sholakuri Union","23302","high","24.72979","90.08124","0","0","","—","58.3","false","assessed","",""
"BD-7618","Rajshahi","ULAB smelting works","Shapmara","23302","high","25.18101","89.27639","0","0","","—","58.3","false","assessed","",""
"BD-8155","Chittagong","Gold Recycling from Jewelry Ashe","Moydar mill South Ba","23302","high","22.34031","91.84747","0","0","","—","58.3","false","assessed","",""
"BD-7298","Dhaka","ULAB Breaking and Smelting site","9 No Kakraid Union","23302","high","24.63524","90.06051","0","0","","—","58.3","false","assessed","",""
"BD-5344","—","ULAB breaking works","Sadullapur","23302","high","25.34678","89.34063","0","0","","—","58.3","false","assessed","",""
"BD-8162","Dhaka","Local Dyeing factory","Bandi","23302","high","23.80972","90.59114","0","0","","—","58.3","false","assessed","",""
"BD-4945","Rajshahi","Lead Smelting Works","Dhaowapara","23302","high","24.85493","89.39011","0","0","","—","58.3","false","assessed","",""
"BD-7624","Rajshahi","ULAB breaking works","Nurali","23302","high","24.85772","89.3846","0","0","","—","58.3","false","assessed","",""
"BD-7237","Barisal","Angulkata  Smelting Site","Angulkata  Smelting","23302","high","22.1817","90.2387","0","0","","—","58.3","false","assessed","",""
"BD-5165","Dhaka","ULAB breaking and recycling work","Mymensingh sadar","23302","high","24.76136","90.43747","0","0","","—","58.3","false","assessed","",""
"BD-7353","Dhaka","ULAB Breaking site","Mohishmara Union","23302","high","24.54268","90.11269","0","0","","—","58.3","false","assessed","",""
"BD-7350","Khulna","Habib battery breaking and smelt","Habib battery breaki","23302","high","23.0141","89.82951","0","0","","—","58.3","false","assessed","",""
"BD-7316","Dhaka","ULAB breaking and smelting works","Bashtoli","23302","high","24.18312","90.20438","0","0","","—","58.3","false","assessed","",""
"BD-7365","Dhaka","ULAB breaking and smelting works","Kalidas","23302","high","24.29643","90.21033","0","0","","—","58.3","false","assessed","",""
"BD-7174","Dhaka","Lead Smelting works","Modhyapara","23302","high","24.69086","90.46995","0","0","","—","58.3","false","assessed","",""
"BD-7615","Rajshahi","ULAB breaking and smelting works","Fulohar","23302","high","25.2199","89.31591","0","0","","—","58.3","false","assessed","",""
"BD-7403","Rajshahi","ULAB breaking and smelting works","Nobabgonj","23302","high","25.33859","89.13609","0","0","","—","58.3","false","assessed","",""
"BD-7614","Rajshahi","ULAB breaking and smelting works","Rupshi Fakirhat","23302","high","25.63595","89.20415","0","0","","—","58.3","false","assessed","",""
"BD-7570","Rajshahi","ULAB breaking and smelting works","Garagram","23302","high","25.88041","89.09917","0","0","","—","58.3","false","assessed","",""
"BD-7164","Dhaka","Tulshi Lead Acid Battery Recycli","Ukilpara","23302","high","24.88687","90.73341","0","0","","—","58.3","false","assessed","",""
"BD-7489","Rajshahi","ULAB breaking and smelting works","Sayar","23302","high","25.75959","89.05206","0","0","","—","58.3","false","assessed","",""
"BD-7289","Khulna","Janata ULAB recycling site","Janata ULAB recyclin","23302","high","23.8964","89.15208","0","0","","—","58.3","false","assessed","",""
"BD-7366","Dhaka","ULAB breaking and smelting site","shondhanpur union","23302","high","24.51496","90.02828","0","0","","—","58.3","false","assessed","",""
"BD-7482","Rajshahi","ULAB breaking and smelting works","Sayar","23302","high","25.75003","89.04163","0","0","","—","58.3","false","assessed","",""
"BD-7149","Dhaka","Chinese Battery Factory","Valuka","23302","high","24.30611","90.37853","0","0","","—","58.3","false","assessed","",""
"BD-7278","Khulna","Battery Breaking and Smelting si","Battery Breaking and","23302","high","23.13024","89.51848","0","0","","—","58.3","false","assessed","",""
"BD-5622","Dhaka","ULAB breaking and smelting works","Karimganj","23302","high","24.42909","90.88562","0","0","","—","58.3","false","assessed","",""
"BD-7357","Dhaka","ULAB breaking and smelting works","Gorai","23302","high","24.1056","90.14981","0","0","","—","58.3","false","assessed","",""
"BD-7195","Dhaka","ULAB Braking Site","Madhupur Paurashava","23302","high","24.62877","90.02489","0","0","","—","58.3","false","assessed","",""
"BD-7386","Rajshahi","ULAB breaking and smelting works","Mohipur Jotbari","23302","high","25.37516","88.93257","0","0","","—","58.3","false","assessed","",""
"BD-7295","Dhaka","ULAB breaking and smelting facto","Ajgana","23302","high","24.11624","90.20506","0","0","","—","58.3","false","assessed","",""
"BD-7393","Khulna","Shatata Battery House","Shatata Battery Hous","23302","high","24.01748","88.99358","0","0","","—","58.3","false","assessed","",""
"BD-7620","Barisal","Lead Smelting site Patuakhali sa","","23302","high","22.36373","90.33055","0","0","","—","58.3","false","assessed","",""
"BD-7364","Dhaka","ULAB smelting works","Purbopara","23302","high","24.33442","90.21589","0","0","","—","58.3","false","assessed","",""
"BD-5200","Dhaka","Jannat Battery","Madaripur Sadar","23302","high","23.17671","90.20095","0","0","","—","58.3","false","assessed","",""
"BD-5633","Dhaka","ULAB breaking and smelting works","Karimganj","23302","high","24.44039","90.86361","0","0","","—","58.3","false","assessed","",""
"BD-7312","Khulna","Battery works BSCIC","","23302","high","23.88319","89.10287","0","0","","—","58.3","false","assessed","",""
"BD-7253","Khulna","Jakir used battery breaking and","Jakir used battery b","23302","high","23.17396","89.21401","0","0","","—","58.3","false","assessed","",""
"BD-7300","Dhaka","ULAB Smelting Site","Sholakuri Union","23302","high","24.70486","90.1075","0","0","","—","58.3","false","assessed","",""
"BD-7649","Rajshahi","ULAB breaking and smelting works","Dohopara","23302","high","25.00252","89.45663","0","0","","—","58.3","false","assessed","",""
"BD-5552","Chittagong","Arabi Traders","Debidwar","23302","high","23.62847","90.97023","0","0","","—","58.3","false","assessed","",""
"BD-7297","Dhaka","ULAB Breaking and Smelting site","Alukdia union","23302","high","24.57206","90.02763","0","0","","—","58.3","false","assessed","",""
"BD-7304","Khulna","Battery works BSCIC","","23302","high","23.53928","89.1973","0","0","","—","58.3","false","assessed","",""
"BD-7605","Rajshahi","ULAB breaking and smelting works","Balua Masimpur","23302","high","25.56762","89.16365","0","0","","—","58.3","false","assessed","",""
"BD-7239","Khulna","ULAB smelting site","Madhugram","23302","high","23.2104","89.20605","0","0","","—","58.3","false","assessed","",""
